id,cluster,title,slug,primary_core_target,wave,recommended_visual
1,Oscilloscopes,What Is an Oscilloscope and What Does It Measure?,what-is-an-oscilloscope-and-what-does-it-measure,Best Oscilloscope for Beginners,Wave 1,Waveform concept diagram
2,Oscilloscopes,How to Use an Oscilloscope for Beginners,how-to-use-an-oscilloscope-for-beginners,Best Oscilloscope for Beginners,Wave 1,Beginner setup diagram
3,Oscilloscopes,Oscilloscope Bandwidth Explained,oscilloscope-bandwidth-explained,Best Oscilloscope for Beginners,Wave 1,Bandwidth vs signal frequency graphic
4,Oscilloscopes,Oscilloscope Sample Rate Explained,oscilloscope-sample-rate-explained,Best Oscilloscope for Beginners,Wave 1,Sampling concept diagram
5,Oscilloscopes,Oscilloscope Memory Depth Explained,oscilloscope-memory-depth-explained,Best Oscilloscope for Beginners,Wave 1,Memory depth comparison graphic
6,Oscilloscopes,How Many Oscilloscope Channels Do You Need?,how-many-oscilloscope-channels-do-you-need,2 Channel vs 4 Channel Oscilloscope,Wave 1,Channel use case diagram
7,Oscilloscopes,Oscilloscope Probe Types Explained,oscilloscope-probe-types-explained,Best Oscilloscope for Beginners,Wave 1,Probe types infographic
8,Oscilloscopes,How to Compensate an Oscilloscope Probe,how-to-compensate-an-oscilloscope-probe,Best Oscilloscope for Beginners,Wave 1,Probe compensation waveform diagram
9,Oscilloscopes,How to Measure Frequency With an Oscilloscope,how-to-measure-frequency-with-an-oscilloscope,Best Oscilloscope for Beginners,Wave 1,Frequency measurement diagram
10,Oscilloscopes,How to Measure PWM With an Oscilloscope,how-to-measure-pwm-with-an-oscilloscope,Best Oscilloscope for Arduino and ESP32,Wave 1,PWM waveform diagram
11,Oscilloscopes,How to Measure Ripple Voltage With an Oscilloscope,how-to-measure-ripple-voltage-with-an-oscilloscope,Best Oscilloscope for Beginners,Wave 1,Ripple measurement setup
12,Oscilloscopes,How to Measure Rise Time With an Oscilloscope,how-to-measure-rise-time-with-an-oscilloscope,Best Oscilloscope for Beginners,Wave 1,Rise time waveform graphic
13,Oscilloscopes,AC Coupling vs DC Coupling on an Oscilloscope,ac-coupling-vs-dc-coupling-on-an-oscilloscope,Best Oscilloscope for Beginners,Wave 1,AC vs DC coupling waveform
14,Oscilloscopes,Oscilloscope Triggering Explained,oscilloscope-triggering-explained,Best Oscilloscope for Beginners,Wave 1,Trigger point diagram
15,Oscilloscopes,Oscilloscope vs Multimeter: Which Tool Do You Need?,oscilloscope-vs-multimeter-which-tool-do-you-need,Best Oscilloscope for Beginners,Wave 1,Tool selection flowchart
16,Oscilloscopes,Oscilloscope vs Logic Analyzer: When to Use Each,oscilloscope-vs-logic-analyzer-when-to-use-each,2 Channel vs 4 Channel Oscilloscope,Wave 1,Signal tool decision matrix
17,Oscilloscopes,How Much Should You Spend on an Oscilloscope?,how-much-should-you-spend-on-an-oscilloscope,Best Oscilloscope Under $500,Wave 1,Budget tier graphic
18,Oscilloscopes,Used vs New Oscilloscope: What to Know Before Buying,used-vs-new-oscilloscope-what-to-know-before-buying,Best Oscilloscope Under $500,Wave 1,Used vs new checklist
19,Oscilloscopes,Common Oscilloscope Mistakes Beginners Make,common-oscilloscope-mistakes-beginners-make,Best Oscilloscope for Beginners,Wave 1,Mistakes visual checklist
20,Oscilloscopes,How to Set Up an Oscilloscope for Arduino Debugging,how-to-set-up-an-oscilloscope-for-arduino-debugging,Best Oscilloscope for Arduino and ESP32,Wave 1,Arduino scope setup diagram
21,Multimeters,What Is a Multimeter and What Can It Measure?,what-is-a-multimeter-and-what-can-it-measure,Best Multimeter for Electronics,Wave 2,Multimeter function diagram
22,Multimeters,How to Use a Digital Multimeter for Beginners,how-to-use-a-digital-multimeter-for-beginners,Best Multimeter for Beginners,Wave 2,Dial mode beginner guide
23,Multimeters,How to Measure DC Voltage With a Multimeter,how-to-measure-dc-voltage-with-a-multimeter,Best Multimeter for Electronics,Wave 2,DC voltage probe placement
24,Multimeters,How to Measure Current With a Multimeter,how-to-measure-current-with-a-multimeter,Best Multimeter for Electronics,Wave 2,Series measurement diagram
25,Multimeters,How to Measure Resistance With a Multimeter,how-to-measure-resistance-with-a-multimeter,Best Multimeter for Electronics,Wave 2,Resistance measurement diagram
26,Multimeters,How to Test Continuity With a Multimeter,how-to-test-continuity-with-a-multimeter,Best Multimeter for Electronics,Wave 2,Continuity test diagram
27,Multimeters,True RMS Multimeter Explained,true-rms-multimeter-explained,Best Multimeter for Electronics,Wave 2,True RMS concept graphic
28,Multimeters,Auto-Ranging vs Manual-Ranging Multimeter,auto-ranging-vs-manual-ranging-multimeter,Best Multimeter for Electronics,Wave 2,Mode comparison graphic
29,Multimeters,Multimeter Counts and Resolution Explained,multimeter-counts-and-resolution-explained,Best Multimeter for Electronics,Wave 2,Display counts comparison
30,Multimeters,What Does CAT Rating Mean on a Multimeter?,what-does-cat-rating-mean-on-a-multimeter,Best Multimeter for Electronics,Wave 2,CAT rating infographic
31,Multimeters,How to Test a Resistor With a Multimeter,how-to-test-a-resistor-with-a-multimeter,Best Multimeter for Electronics,Wave 2,Resistor test diagram
32,Multimeters,How to Test a Capacitor With a Multimeter,how-to-test-a-capacitor-with-a-multimeter,Best Multimeter for Electronics,Wave 2,Capacitor test diagram
33,Multimeters,How to Test a Diode With a Multimeter,how-to-test-a-diode-with-a-multimeter,Best Multimeter for Electronics,Wave 2,Diode test diagram
34,Multimeters,How to Check a Fuse With a Multimeter,how-to-check-a-fuse-with-a-multimeter,Best Multimeter for Electronics,Wave 2,Fuse test diagram
35,Multimeters,How to Test a Battery With a Multimeter,how-to-test-a-battery-with-a-multimeter,Best Multimeter for Electronics,Wave 2,Battery test diagram
36,Multimeters,Bench Multimeter vs Handheld Multimeter,bench-multimeter-vs-handheld-multimeter,Best Bench Multimeter,Wave 2,Form factor comparison graphic
37,Multimeters,How Accurate Does a Multimeter Need to Be for Electronics?,how-accurate-does-a-multimeter-need-to-be-for-electronics,Best Multimeter for Electronics,Wave 2,Accuracy needs chart
38,Multimeters,Common Multimeter Mistakes and How to Avoid Them,common-multimeter-mistakes-and-how-to-avoid-them,Best Multimeter for Electronics,Wave 2,Mistakes visual checklist
39,Soldering and Rework,How to Solder Electronics for Beginners,how-to-solder-electronics-for-beginners,Best Soldering Iron for Beginners,Wave 3,Step by step soldering diagram
40,Soldering and Rework,What Temperature Should a Soldering Iron Be?,what-temperature-should-a-soldering-iron-be,Best Soldering Station,Wave 3,Temperature guide infographic
41,Soldering and Rework,Soldering Iron Tip Shapes Explained,soldering-iron-tip-shapes-explained,Best Soldering Station,Wave 3,Tip shape comparison
42,Soldering and Rework,How to Tin a Soldering Iron Tip,how-to-tin-a-soldering-iron-tip,Best Soldering Station,Wave 3,Tinning sequence diagram
43,Soldering and Rework,How to Clean a Soldering Iron Tip,how-to-clean-a-soldering-iron-tip,Best Soldering Station,Wave 3,Cleaning method visual
44,Soldering and Rework,Lead vs Lead-Free Solder,lead-vs-lead-free-solder,Best Soldering Station,Wave 3,Solder type comparison
45,Soldering and Rework,What Size Solder Wire Should You Use for Electronics?,what-size-solder-wire-should-you-use-for-electronics,Best Soldering Station,Wave 3,Solder diameter comparison
46,Soldering and Rework,What Is Flux and Why Is It Used in Soldering?,what-is-flux-and-why-is-it-used-in-soldering,Best Soldering Station,Wave 3,Flux function diagram
47,Soldering and Rework,Rosin Flux vs No-Clean Flux,rosin-flux-vs-no-clean-flux,Best Soldering Station,Wave 3,Flux comparison matrix
48,Soldering and Rework,How to Desolder Components From a PCB,how-to-desolder-components-from-a-pcb,Best Hot Air Rework Station,Wave 3,Desoldering process diagram
49,Soldering and Rework,How to Use Desoldering Braid,how-to-use-desoldering-braid,Best Hot Air Rework Station,Wave 3,Braid use sequence
50,Soldering and Rework,How to Use a Solder Sucker,how-to-use-a-solder-sucker,Best Soldering Station,Wave 3,Solder sucker sequence
51,Soldering and Rework,How to Use a Hot Air Rework Station,how-to-use-a-hot-air-rework-station,Best Hot Air Rework Station,Wave 3,Hot air workflow diagram
52,Soldering and Rework,Hot Air vs Soldering Iron for PCB Repair,hot-air-vs-soldering-iron-for-pcb-repair,Best Hot Air Rework Station,Wave 3,Tool decision matrix
53,Soldering and Rework,What Is a Cold Solder Joint?,what-is-a-cold-solder-joint,Best Soldering Station,Wave 3,Cold joint illustration
54,Soldering and Rework,How to Fix a Cold Solder Joint,how-to-fix-a-cold-solder-joint,Best Soldering Station,Wave 3,Repair sequence diagram
55,Soldering and Rework,Good vs Bad Solder Joints,good-vs-bad-solder-joints,Best Soldering Station,Wave 3,Good vs bad joint comparison
56,Soldering and Rework,How to Solder SMD Components by Hand,how-to-solder-smd-components-by-hand,Best Hot Air Rework Station,Wave 3,SMD soldering process diagram
57,Bench Power,What Is a Bench Power Supply?,what-is-a-bench-power-supply,Best Bench Power Supply for Electronics,Wave 4,Bench PSU concept diagram
58,Bench Power,How to Use a Bench Power Supply for Beginners,how-to-use-a-bench-power-supply-for-beginners,Best Bench Power Supply for Beginners,Wave 4,Beginner setup workflow
59,Bench Power,Constant Voltage vs Constant Current Mode,constant-voltage-vs-constant-current-mode,Best Bench Power Supply for Electronics,Wave 4,CV vs CC concept diagram
60,Bench Power,How to Set Current Limit on a Bench Power Supply,how-to-set-current-limit-on-a-bench-power-supply,Best Bench Power Supply for Electronics,Wave 4,Current limit workflow
61,Bench Power,How Much Voltage Do You Need From a Bench Power Supply?,how-much-voltage-do-you-need-from-a-bench-power-supply,Best Bench Power Supply for Electronics,Wave 4,Voltage needs chart
62,Bench Power,How Much Current Do You Need From a Bench Power Supply?,how-much-current-do-you-need-from-a-bench-power-supply,Best Bench Power Supply for Electronics,Wave 4,Current needs chart
63,Bench Power,Single Output vs Dual Output Bench Power Supply,single-output-vs-dual-output-bench-power-supply,Best Bench Power Supply for Electronics,Wave 4,Output configuration comparison
64,Bench Power,Linear vs Switching Power Supply Explained,linear-vs-switching-power-supply-explained,Linear vs Switching Bench Power Supply,Wave 4,Topology comparison diagram
65,Bench Power,Bench Power Supply Ripple and Noise Explained,bench-power-supply-ripple-and-noise-explained,Linear vs Switching Bench Power Supply,Wave 4,Ripple waveform graphic
66,Bench Power,How to Power Arduino From a Bench Power Supply,how-to-power-arduino-from-a-bench-power-supply,Best Bench Power Supply for Electronics,Wave 4,Arduino power setup diagram
67,Bench Power,How to Power ESP32 From a Bench Power Supply,how-to-power-esp32-from-a-bench-power-supply,Best Bench Power Supply for Electronics,Wave 4,ESP32 power setup diagram
68,Bench Power,How to Test a Circuit With a Bench Power Supply,how-to-test-a-circuit-with-a-bench-power-supply,Best Bench Power Supply for Electronics,Wave 4,Circuit test workflow
69,Bench Power,Bench Power Supply vs USB Power Supply,bench-power-supply-vs-usb-power-supply,Best Bench Power Supply for Electronics,Wave 4,Power source comparison
70,Bench Power,Bench Power Supply vs Variable DC Adapter,bench-power-supply-vs-variable-dc-adapter,Best Bench Power Supply for Electronics,Wave 4,Power source comparison
71,Bench Power,How to Connect Two Bench Power Supplies in Series,how-to-connect-two-bench-power-supplies-in-series,Best Bench Power Supply for Electronics,Wave 4,Series connection diagram
72,Bench Power,Common Bench Power Supply Mistakes,common-bench-power-supply-mistakes,Best Bench Power Supply for Electronics,Wave 4,Mistakes visual checklist
73,Logic Analyzers,What Is a Logic Analyzer?,what-is-a-logic-analyzer,Best Logic Analyzer,Wave 5,Digital signal concept diagram
74,Logic Analyzers,How to Use a Logic Analyzer for Beginners,how-to-use-a-logic-analyzer-for-beginners,Best Logic Analyzer,Wave 5,Beginner setup workflow
75,Logic Analyzers,Logic Analyzer vs Oscilloscope,logic-analyzer-vs-oscilloscope,Best Logic Analyzer,Wave 5,Tool comparison matrix
76,Logic Analyzers,How Many Logic Analyzer Channels Do You Need?,how-many-logic-analyzer-channels-do-you-need,Best Logic Analyzer,Wave 5,Channel use case diagram
77,Logic Analyzers,Logic Analyzer Sample Rate Explained,logic-analyzer-sample-rate-explained,Best Logic Analyzer,Wave 5,Sampling diagram
78,Logic Analyzers,Logic Analyzer Voltage Levels Explained,logic-analyzer-voltage-levels-explained,Best Logic Analyzer,Wave 5,Voltage level diagram
79,Logic Analyzers,How to Decode I2C With a Logic Analyzer,how-to-decode-i2c-with-a-logic-analyzer,Best Logic Analyzer,Wave 5,I2C decode diagram
80,Logic Analyzers,How to Decode SPI With a Logic Analyzer,how-to-decode-spi-with-a-logic-analyzer,Best Logic Analyzer,Wave 5,SPI decode diagram
81,Logic Analyzers,How to Decode UART With a Logic Analyzer,how-to-decode-uart-with-a-logic-analyzer,Best Logic Analyzer,Wave 5,UART decode diagram
82,Logic Analyzers,How to Connect a Logic Analyzer to Arduino,how-to-connect-a-logic-analyzer-to-arduino,Best Logic Analyzer for Arduino and ESP32,Wave 5,Arduino connection diagram
83,Logic Analyzers,How to Use a Logic Analyzer With ESP32,how-to-use-a-logic-analyzer-with-esp32,Best Logic Analyzer for Arduino and ESP32,Wave 5,ESP32 connection diagram
84,Logic Analyzers,How to Capture Digital Signals With a Logic Analyzer,how-to-capture-digital-signals-with-a-logic-analyzer,Best Logic Analyzer,Wave 5,Capture workflow diagram
85,Logic Analyzers,Common Logic Analyzer Mistakes,common-logic-analyzer-mistakes,Best Logic Analyzer,Wave 5,Mistakes checklist
86,Logic Analyzers,Cheap Logic Analyzer vs Saleae: What Do You Really Get?,cheap-logic-analyzer-vs-saleae-what-do-you-really-get,Best USB Logic Analyzer,Wave 5,Feature comparison matrix
87,Workbench,How to Set Up an Electronics Workbench,how-to-set-up-an-electronics-workbench,Best Electronics Tool Kit,Wave 6,Workbench layout diagram
88,Workbench,Electronics Workbench Tools Checklist,electronics-workbench-tools-checklist,Best Electronics Tool Kit,Wave 6,Visual tool checklist
89,Workbench,Essential Tools for Electronics Beginners,essential-tools-for-electronics-beginners,Best Electronics Tool Kit,Wave 6,Beginner toolkit infographic
90,Workbench,How to Organize Electronic Components,how-to-organize-electronic-components,Best Electronics Tool Kit,Wave 6,Storage system diagram
91,Workbench,How to Set Up an ESD-Safe Workbench,how-to-set-up-an-esd-safe-workbench,Best ESD Mat for Electronics,Wave 6,ESD safe layout diagram
92,Workbench,What Is an ESD Mat and Do You Need One?,what-is-an-esd-mat-and-do-you-need-one,Best ESD Mat for Electronics,Wave 6,ESD mat concept diagram
93,Workbench,ESD Wrist Strap vs ESD Mat,esd-wrist-strap-vs-esd-mat,Best ESD Mat for Electronics,Wave 6,ESD protection comparison
94,Workbench,Best Lighting Setup for Electronics Work,best-lighting-setup-for-electronics-work,Best Electronics Tool Kit,Wave 6,Lighting layout diagram
95,Workbench,Magnifying Lamp vs Microscope for Electronics,magnifying-lamp-vs-microscope-for-electronics,Best Electronics Tool Kit,Wave 6,Magnification comparison
96,Workbench,How to Store Resistors Capacitors and ICs,how-to-store-resistors-capacitors-and-ics,Best Electronics Tool Kit,Wave 6,Component storage infographic
97,Workbench,How to Build a Small Electronics Workbench,how-to-build-a-small-electronics-workbench,Best Electronics Tool Kit,Wave 6,Small bench layout
98,Workbench,How to Build an Electronics Workbench on a Budget,how-to-build-an-electronics-workbench-on-a-budget,Best Electronics Tool Kit,Wave 6,Budget build checklist
99,Workbench,Electronics Workbench Safety Checklist,electronics-workbench-safety-checklist,Best Electronics Tool Kit,Wave 6,Safety visual checklist
100,Workbench,What Tools Do You Need for PCB Repair?,what-tools-do-you-need-for-pcb-repair,Best Electronics Tool Kit,Wave 6,PCB repair toolkit infographic
