"source_scope","source_urls","url","status_code","result"
"core-40.csv","https://techvideoblog.com/tools/capcut-review/;https://techvideoblog.com/tools/opus-clip-review/;https://techvideoblog.com/tools/submagic-review/","https://techvideoblog.com/","200","ok"
"core-40.csv","https://techvideoblog.com/tool-category/best-ai-video-translators/;https://techvideoblog.com/tool-category/best-video-to-text-tools/;https://techvideoblog.com/tools/capcut-review/;https://techvideoblog.com/tools/opus-clip-review/;https://techvideoblog.com/tools/submagic-review/","https://techvideoblog.com/affiliate-disclosure/","200","ok"
"core-40.csv","https://techvideoblog.com/tools/capcut-review/","https://techvideoblog.com/compare/","200","ok"
"core-40.csv","https://techvideoblog.com/tools/opus-clip-review/","https://techvideoblog.com/compare/opus-clip-vs-klap/","200","ok"
"core-40.csv","https://techvideoblog.com/tools/opus-clip-review/","https://techvideoblog.com/compare/opus-clip-vs-vizard/","200","ok"
"core-40.csv","https://techvideoblog.com/tools/submagic-review/","https://techvideoblog.com/compare/submagic-vs-captions-ai/","200","ok"
"core-40.csv","https://techvideoblog.com/tools/opus-clip-review/;https://techvideoblog.com/tools/submagic-review/","https://techvideoblog.com/compare/submagic-vs-opus-clip/","404","Response status code does not indicate success: 404 (Not Found)."
"core-40.csv","https://techvideoblog.com/tool-category/best-ai-video-translators/;https://techvideoblog.com/tool-category/best-video-to-text-tools/;https://techvideoblog.com/tools/capcut-review/;https://techvideoblog.com/tools/opus-clip-review/;https://techvideoblog.com/tools/submagic-review/","https://techvideoblog.com/how-we-test-ai-tools/","200","ok"
"core-40.csv","https://techvideoblog.com/tool-category/best-ai-video-translators/;https://techvideoblog.com/tool-category/best-video-to-text-tools/;https://techvideoblog.com/tools/submagic-review/","https://techvideoblog.com/tool-category/ai-caption-tools/","200","ok"
"core-40.csv","https://techvideoblog.com/tool-category/best-ai-video-translators/;https://techvideoblog.com/tool-category/best-video-to-text-tools/;https://techvideoblog.com/tools/capcut-review/","https://techvideoblog.com/tool-category/ai-video-editors/","200","ok"
"core-40.csv","https://techvideoblog.com/tools/submagic-review/","https://techvideoblog.com/tool-category/best-ai-caption-generators/","200","ok"
"core-40.csv","https://techvideoblog.com/tools/opus-clip-review/","https://techvideoblog.com/tool-category/best-long-video-to-shorts-tools/","200","ok"
"core-40.csv","https://techvideoblog.com/tool-category/best-ai-video-translators/;https://techvideoblog.com/tool-category/best-video-to-text-tools/","https://techvideoblog.com/tool-category/video-repurposing-tools/","200","ok"
"core-40.csv","https://techvideoblog.com/tools/capcut-review/;https://techvideoblog.com/tools/opus-clip-review/;https://techvideoblog.com/tools/submagic-review/","https://techvideoblog.com/tools/","200","ok"
"core-40.csv","https://techvideoblog.com/tools/capcut-review/","https://techvideoblog.com/tools/adobe-premiere-pro-review/","200","ok"
"core-40.csv","https://techvideoblog.com/tools/capcut-review/","https://techvideoblog.com/tools/canva-video-review/","200","ok"
"core-40.csv","https://techvideoblog.com/tools/opus-clip-review/;https://techvideoblog.com/tools/submagic-review/","https://techvideoblog.com/tools/capcut-review/","200","ok"
"core-40.csv","https://techvideoblog.com/tools/submagic-review/","https://techvideoblog.com/tools/captions-ai-review/","301","Response status code does not indicate success: 301 (Moved Permanently)."
"core-40.csv","https://techvideoblog.com/tool-category/best-video-to-text-tools/;https://techvideoblog.com/tools/opus-clip-review/","https://techvideoblog.com/tools/descript-review/","200","ok"
"core-40.csv","https://techvideoblog.com/tools/capcut-review/","https://techvideoblog.com/tools/filmora-review/","200","ok"
"core-40.csv","https://techvideoblog.com/tool-category/best-ai-video-translators/","https://techvideoblog.com/tools/heygen-review/","200","ok"
"core-40.csv","https://techvideoblog.com/tools/opus-clip-review/;https://techvideoblog.com/tools/submagic-review/","https://techvideoblog.com/tools/klap-review/","200","ok"
"core-40.csv","https://techvideoblog.com/tool-category/best-ai-video-translators/","https://techvideoblog.com/tools/maestra-review/","200","ok"
"core-40.csv","https://techvideoblog.com/tools/submagic-review/","https://techvideoblog.com/tools/opus-clip-review/","200","ok"
"core-40.csv","https://techvideoblog.com/tool-category/best-video-to-text-tools/","https://techvideoblog.com/tools/otter-ai-review/","200","ok"
"core-40.csv","https://techvideoblog.com/tool-category/best-video-to-text-tools/","https://techvideoblog.com/tools/sonix-review/","200","ok"
"core-40.csv","https://techvideoblog.com/tools/opus-clip-review/","https://techvideoblog.com/tools/submagic-review/","200","ok"
"core-40.csv","https://techvideoblog.com/tool-category/best-ai-video-translators/","https://techvideoblog.com/tools/synthesia-review/","200","ok"
"core-40.csv","https://techvideoblog.com/tool-category/best-video-to-text-tools/","https://techvideoblog.com/tools/trint-review/","200","ok"
"core-40.csv","https://techvideoblog.com/tool-category/best-ai-video-translators/;https://techvideoblog.com/tools/capcut-review/;https://techvideoblog.com/tools/submagic-review/","https://techvideoblog.com/tools/veed-review/","200","ok"
"core-40.csv","https://techvideoblog.com/tools/opus-clip-review/;https://techvideoblog.com/tools/submagic-review/","https://techvideoblog.com/tools/vizard-review/","200","ok"
"core-40.csv","https://techvideoblog.com/tools/capcut-review/","https://techvideoblog.com/use-cases/best-ai-tools-for-youtube-shorts/","200","ok"
