url,http_status,candidate_replacement_url,mapping_status,recommended_next_step
https://techvideoblog.com/category/ai-avatars/,404,https://techvideoblog.com/tool-category/best-ai-avatar-tools/,candidate,Confirm intent match before updating the source hub.
https://techvideoblog.com/category/ai-caption-tools/,404,https://techvideoblog.com/tool-category/ai-caption-tools/,exact,Ready for a scoped source-link repair after approval.
https://techvideoblog.com/category/ai-thumbnail-generators/,404,https://techvideoblog.com/tool-category/ai-thumbnail-generators/,exact,Ready for a scoped source-link repair after approval.
https://techvideoblog.com/category/ai-video-editors/,404,https://techvideoblog.com/tool-category/ai-video-editors/,exact,Ready for a scoped source-link repair after approval.
https://techvideoblog.com/category/thumbnail-generators/,404,https://techvideoblog.com/tool-category/ai-thumbnail-generators/,candidate,Confirm that the intended card label matches the destination before updating.
https://techvideoblog.com/platform/api/,404,,gap,Decide whether this platform page should exist or be removed from the hub.
https://techvideoblog.com/platform/browser-extension/,404,,gap,Decide whether this platform page should exist or be removed from the hub.
https://techvideoblog.com/platform/facebook-reels/,404,,gap,Decide whether this platform page should exist or be removed from the hub.
https://techvideoblog.com/platform/iphone/,404,https://techvideoblog.com/platforms/best-ai-video-editors-for-iphone/,exact,Ready for a scoped source-link repair after approval.
https://techvideoblog.com/platform/mac/,404,,gap,Decide whether this platform page should exist or be removed from the hub.
https://techvideoblog.com/platform/pinterest/,404,,gap,Decide whether this platform page should exist or be removed from the hub.
https://techvideoblog.com/platform/teams/,404,,gap,Decide whether this platform page should exist or be removed from the hub.
https://techvideoblog.com/platform/twitter-x/,404,https://techvideoblog.com/platforms/best-ai-tools-for-twitter-videos/,exact,Ready for a scoped source-link repair after approval.
https://techvideoblog.com/platform/web-app/,404,,gap,Decide whether this platform page should exist or be removed from the hub.
https://techvideoblog.com/platform/windows/,404,,gap,Decide whether this platform page should exist or be removed from the hub.
https://techvideoblog.com/tool-category/ai-avatar-tools/,404,https://techvideoblog.com/tool-category/best-ai-avatar-tools/,candidate,Confirm intent match before updating the source hub.
https://techvideoblog.com/tool-category/ai-translation-tools/,404,,gap,Decide whether this category page should exist or be removed from the hub.
https://techvideoblog.com/tool-category/voice-cloning-tools/,404,https://techvideoblog.com/tool-category/best-ai-voice-cloning-tools/,candidate,Confirm intent match before updating the source hub.
