core_id,cluster,page_type,title,url,source_id,http_status,checked_at_utc,result
1,Category Pillars,Category,"Best AI Video Tools",https://techvideoblog.com/tool-category/best-ai-video-tools/,810,200,2026-10-08T11:03:00Z,ok
2,Category Pillars,Category,"Best AI Video Editors",https://techvideoblog.com/tool-category/best-ai-video-editors/,808,200,2026-10-08T11:03:00Z,ok
3,Category Pillars,Category,"Best AI Video Generators",https://techvideoblog.com/tool-category/best-ai-video-generators/,809,200,2026-10-08T11:03:00Z,ok
4,Category Pillars,Category,"Best AI Avatar Tools",https://techvideoblog.com/tool-category/best-ai-avatar-tools/,688,200,2026-10-08T11:03:00Z,ok
5,Category Pillars,Category,"Best AI Caption Generators",https://techvideoblog.com/tool-category/best-ai-caption-generators/,803,200,2026-10-08T11:03:00Z,ok
6,Category Pillars,Category,"Best AI Subtitle Generators",https://techvideoblog.com/tool-category/best-ai-subtitle-generators/,686,200,2026-10-08T11:03:00Z,ok
7,Category Pillars,Category,"Best Long Video to Shorts Tools",https://techvideoblog.com/tool-category/best-long-video-to-shorts-tools/,813,200,2026-10-08T11:03:00Z,ok
8,Category Pillars,Category,"Best Podcast to Shorts Tools",https://techvideoblog.com/tool-category/best-podcast-to-shorts-tools/,687,200,2026-10-08T11:03:00Z,ok
9,Category Pillars,Category,"Best AI Thumbnail Generators",https://techvideoblog.com/tool-category/best-ai-thumbnail-generators/,806,200,2026-10-08T11:03:00Z,ok
10,Category Pillars,Category,"Best AI Voice Cloning Tools",https://techvideoblog.com/tool-category/best-ai-voice-cloning-tools/,690,200,2026-10-08T11:03:00Z,ok
11,Category Pillars,Category,"Best AI Video Translators",https://techvideoblog.com/tool-category/best-ai-video-translators/,689,200,2026-10-08T11:03:00Z,ok
12,Category Pillars,Category,"Best Video to Text Tools",https://techvideoblog.com/tool-category/best-video-to-text-tools/,692,200,2026-10-08T11:03:00Z,ok
13,Tool Reviews,Tool Review,"Opus Clip Review",https://techvideoblog.com/tools/opus-clip-review/,840,200,2026-10-08T11:03:00Z,ok
14,Tool Reviews,Tool Review,"Submagic Review",https://techvideoblog.com/tools/submagic-review/,851,200,2026-10-08T11:03:00Z,ok
15,Tool Reviews,Tool Review,"CapCut Review",https://techvideoblog.com/tools/capcut-review/,676,200,2026-10-08T11:03:00Z,ok
16,Tool Reviews,Tool Review,"Descript Review",https://techvideoblog.com/tools/descript-review/,678,200,2026-10-08T11:03:00Z,ok
17,Tool Reviews,Tool Review,"HeyGen Review",https://techvideoblog.com/tools/heygen-review/,830,200,2026-10-08T11:03:00Z,ok
18,Tool Reviews,Tool Review,"Runway Review",https://techvideoblog.com/tools/runway-review/,680,200,2026-10-08T11:03:00Z,ok
19,Tool Reviews,Tool Review,"Pika Review",https://techvideoblog.com/tools/pika-review/,843,200,2026-10-08T11:03:00Z,ok
20,Tool Reviews,Tool Review,"VEED Review",https://techvideoblog.com/tools/veed-review/,677,200,2026-10-08T11:03:00Z,ok
21,Tool Reviews,Tool Review,"Synthesia Review",https://techvideoblog.com/tools/synthesia-review/,679,200,2026-10-08T11:03:00Z,ok
22,Tool Reviews,Tool Review,"ElevenLabs Review",https://techvideoblog.com/tools/elevenlabs-review/,827,200,2026-10-08T11:03:00Z,ok
23,Comparisons,Comparison,"Opus Clip vs Klap",https://techvideoblog.com/compare/opus-clip-vs-klap/,865,200,2026-10-08T11:03:00Z,ok
24,Comparisons,Comparison,"Opus Clip vs Vizard",https://techvideoblog.com/compare/opus-clip-vs-vizard/,694,200,2026-10-08T11:03:00Z,ok
25,Comparisons,Comparison,"Submagic vs Captions.ai",https://techvideoblog.com/compare/submagic-vs-captions-ai/,870,200,2026-10-08T11:03:00Z,ok
26,Comparisons,Comparison,"Submagic vs VEED",https://techvideoblog.com/compare/submagic-vs-veed/,699,200,2026-10-08T11:03:00Z,ok
27,Comparisons,Comparison,"HeyGen vs Synthesia",https://techvideoblog.com/compare/heygen-vs-synthesia/,863,200,2026-10-08T11:03:00Z,ok
28,Comparisons,Comparison,"HeyGen vs D-ID",https://techvideoblog.com/compare/heygen-vs-d-id/,701,200,2026-10-08T11:03:00Z,ok
29,Comparisons,Comparison,"Runway vs Pika",https://techvideoblog.com/compare/runway-vs-pika/,868,200,2026-10-08T11:03:00Z,ok
30,Comparisons,Comparison,"Pictory vs InVideo",https://techvideoblog.com/compare/pictory-vs-invideo/,698,200,2026-10-08T11:03:00Z,ok
31,Comparisons,Comparison,"CapCut vs Adobe Premiere Pro",https://techvideoblog.com/compare/capcut-vs-adobe-premiere-pro/,857,200,2026-10-08T11:03:00Z,ok
32,Comparisons,Comparison,"Descript vs Riverside",https://techvideoblog.com/compare/descript-vs-riverside/,697,200,2026-10-08T11:03:00Z,ok
33,Use Cases and Platforms,Use Case,"Best AI Tools For YouTube Shorts",https://techvideoblog.com/use-cases/best-ai-tools-for-youtube-shorts/,702,200,2026-10-08T11:03:00Z,ok
34,Use Cases and Platforms,Use Case,"Best AI Tools For TikTok Videos",https://techvideoblog.com/use-cases/best-ai-tools-for-tiktok-videos/,703,200,2026-10-08T11:03:00Z,ok
35,Use Cases and Platforms,Use Case,"Best AI Tools For Faceless YouTube",https://techvideoblog.com/use-cases/best-ai-tools-for-faceless-youtube/,704,200,2026-10-08T11:03:00Z,ok
36,Use Cases and Platforms,Use Case,"Best AI Tools for Podcast Clips",https://techvideoblog.com/use-cases/best-ai-tools-for-podcast-clips/,879,200,2026-10-08T11:03:00Z,ok
37,Use Cases and Platforms,Use Case,"Best AI Tools For Product Demo Videos",https://techvideoblog.com/use-cases/best-ai-tools-for-product-demo-videos/,708,200,2026-10-08T11:03:00Z,ok
38,Use Cases and Platforms,Use Case,"Best AI Tools For Course Creators",https://techvideoblog.com/use-cases/best-ai-tools-for-course-creators/,707,200,2026-10-08T11:03:00Z,ok
39,Use Cases and Platforms,Platform,"Best AI Tools For YouTube",https://techvideoblog.com/platforms/best-ai-tools-for-youtube/,716,200,2026-10-08T11:03:00Z,ok
40,Use Cases and Platforms,Platform,"Best AI Video Editors for iPhone in 2026",https://techvideoblog.com/platforms/best-ai-video-editors-for-iphone/,720,200,2026-10-08T11:03:00Z,ok
