keyword_seed,suggested_page_type,why_it_is_a_candidate,duplicate_screening_status,next_validation
ai video api,Category hub,The Platforms hub links to an unavailable API destination and the local inventory has no matching page title,No exact inventory title,Validate SERP intent and whether creators search this as a tool category.
ai video tools for teams,Use-case or category hub,The Platforms hub links to an unavailable Teams destination and the local inventory has no matching page title,No exact inventory title,Validate audience and whether the query favors collaboration or enterprise software.
ai video tools for windows,Platform page,The Platforms hub links to an unavailable Windows destination and the local inventory has no matching page title,No exact inventory title,Validate demand and desktop-software intent before creating.
ai video tools for mac,Platform page,The Platforms hub links to an unavailable Mac destination and the local inventory has no matching page title,No exact inventory title,Validate demand and desktop-software intent before creating.
ai video tools for facebook reels,Platform page,The Platforms hub links to an unavailable Facebook Reels destination and the local inventory has no matching page title,No exact inventory title,Validate whether this overlaps Instagram Reels or favors a dedicated page.
ai video browser extension,Category or platform page,The Platforms hub links to an unavailable Browser Extension destination and the local inventory has no matching page title,No exact inventory title,Validate product availability and commercial intent.
ai video localization tools,Category hub,The Tool Categories hub links to an unavailable AI Translation Tools destination and the local inventory has no matching page title,No exact inventory title,Validate whether localization has enough distinct intent from dubbing and subtitle tools.
ai video tools for pinterest,Platform page,The Platforms hub links to an unavailable Pinterest destination and the local inventory has no matching page title,No exact inventory title,Validate whether search demand supports a standalone page.
ai video tools for web apps,Platform page,The Platforms hub links to an unavailable Web App destination and the local inventory has no matching page title,No exact inventory title,Validate whether broad web-app intent can be made useful and non-thin.
